{
  "type": "minecraft:block",
  "pools": [
    {
      "rolls": 1,
      "entries": [
        {
          "type": "minecraft:item",
          "functions": [
            {
              "function": "minecraft:set_count",
              "count": {
                "n": 3,
                "p": 3,
                "type": "minecraft:binomial"
              }
            }
          ],
          "name": "minecraft:melon_seeds"
        }
      ],
      "functions": [
        {
          "function": "minecraft:explosion_decay"
        }
      ]
    }
  ]
}