{
  "type": "minecraft:block",
  "pools": [
    {
      "rolls": 1,
      "entries": [
        {
          "type": "minecraft:item",
          "functions": [
            {
              "function": "minecraft:set_count",
              "conditions": [
                {
                  "condition": "minecraft:block_state_property",
                  "block": "minecraft:melon_stem",
                  "properties": {
                    "age": "0"
                  }
                }
              ],
              "count": {
                "n": 3,
                "p": 3,
                "type": "minecraft:binomial"
              }
            },
            {
              "function": "minecraft:set_count",
              "conditions": [
                {
                  "condition": "minecraft:block_state_property",
                  "block": "minecraft:melon_stem",
                  "properties": {
                    "age": "1"
                  }
                }
              ],
              "count": {
                "n": 3,
                "p": 3,
                "type": "minecraft:binomial"
              }
            },
            {
              "function": "minecraft:set_count",
              "conditions": [
                {
                  "condition": "minecraft:block_state_property",
                  "block": "minecraft:melon_stem",
                  "properties": {
                    "age": "2"
                  }
                }
              ],
              "count": {
                "n": 3,
                "p": 3,
                "type": "minecraft:binomial"
              }
            },
            {
              "function": "minecraft:set_count",
              "conditions": [
                {
                  "condition": "minecraft:block_state_property",
                  "block": "minecraft:melon_stem",
                  "properties": {
                    "age": "3"
                  }
                }
              ],
              "count": {
                "n": 3,
                "p": 3,
                "type": "minecraft:binomial"
              }
            },
            {
              "function": "minecraft:set_count",
              "conditions": [
                {
                  "condition": "minecraft:block_state_property",
                  "block": "minecraft:melon_stem",
                  "properties": {
                    "age": "4"
                  }
                }
              ],
              "count": {
                "n": 3,
                "p": 3,
                "type": "minecraft:binomial"
              }
            },
            {
              "function": "minecraft:set_count",
              "conditions": [
                {
                  "condition": "minecraft:block_state_property",
                  "block": "minecraft:melon_stem",
                  "properties": {
                    "age": "5"
                  }
                }
              ],
              "count": {
                "n": 3,
                "p": 3,
                "type": "minecraft:binomial"
              }
            },
            {
              "function": "minecraft:set_count",
              "conditions": [
                {
                  "condition": "minecraft:block_state_property",
                  "block": "minecraft:melon_stem",
                  "properties": {
                    "age": "6"
                  }
                }
              ],
              "count": {
                "n": 3,
                "p": 3,
                "type": "minecraft:binomial"
              }
            },
            {
              "function": "minecraft:set_count",
              "conditions": [
                {
                  "condition": "minecraft:block_state_property",
                  "block": "minecraft:melon_stem",
                  "properties": {
                    "age": "7"
                  }
                }
              ],
              "count": {
                "n": 3,
                "p": 3,
                "type": "minecraft:binomial"
              }
            }
          ],
          "name": "minecraft:melon_seeds"
        }
      ],
      "functions": [
        {
          "function": "minecraft:explosion_decay"
        }
      ]
    }
  ]
}